Order,Speaker,Time,Text,Has Arguments,All Arguments Summarized,FOR: limitCampaignContributions,AGAINST: limitCampaignContributions,FOR: closeForeignLoopholes,AGAINST: closeForeignLoopholes,FOR: establishRedistrictingCommissions,AGAINST: establishRedistrictingCommissions,FOR: implementProportionalRepresentation,AGAINST: implementProportionalRepresentation,FOR: encourageTransparency,AGAINST: encourageTransparency,FOR: promoteCivicEducation,AGAINST: promoteCivicEducation,FOR: explorePublicFunding,AGAINST: explorePublicFunding,other,notRelevant,FOR: limitCampaignContributions (bool),AGAINST: limitCampaignContributions (bool),FOR: closeForeignLoopholes (bool),AGAINST: closeForeignLoopholes (bool),FOR: establishRedistrictingCommissions (bool),AGAINST: establishRedistrictingCommissions (bool),FOR: implementProportionalRepresentation (bool),AGAINST: implementProportionalRepresentation (bool),FOR: encourageTransparency (bool),AGAINST: encourageTransparency (bool),FOR: promoteCivicEducation (bool),AGAINST: promoteCivicEducation (bool),FOR: explorePublicFunding (bool),AGAINST: explorePublicFunding (bool),other (bool),notRelevant (bool)
1,48849,"""2:05""","Dave Omaha, Nebraska 43.",no,,,,,,,,,,,,,,,,,,False,False,False,False,False,False,False,False,False,False,False,False,False,False,False,False
2,9789,"""2:08""","Hey, there are in Las Briggs. All from San Jose, California.",no,,,,,,,,,,,,,,,,,,False,False,False,False,False,False,False,False,False,False,False,False,False,False,False,False
3,48710,"""2:14""",3D from Southern Oklahoma.,no,,,,,,,,,,,,,,,,,,False,False,False,False,False,False,False,False,False,False,False,False,False,False,False,False
4,10620,"""2:17""","Jim O'Hara from Sebastopol, California.",no,,,,,,,,,,,,,,,,,,False,False,False,False,False,False,False,False,False,False,False,False,False,False,False,False
5,48712,"""2:22""",Jerry from Sedona Arizona.,no,,,,,,,,,,,,,,,,,,False,False,False,False,False,False,False,False,False,False,False,False,False,False,False,False
6,48711,"""2:27""","Dale in San Francisco, California.",no,,,,,,,,,,,,,,,,,,False,False,False,False,False,False,False,False,False,False,False,False,False,False,False,False
7,9430,"""2:35""",Diane and South Carolina.,no,,,,,,,,,,,,,,,,,,False,False,False,False,False,False,False,False,False,False,False,False,False,False,False,False
8,48711,"""12:46""","Yeah, the number one need here is to reverse citizens. United corporations are not people.",no,,,,,,,,,,,,,,,,,,False,False,False,False,False,False,False,False,False,False,False,False,False,False,False,False
9,9789,"""12:54""","I agree. I think that that was a big mistake. I am very upset for reversing. It also in terms of all of the other proposals to raise contribution limits on against all of those, I think that we need more smaller donors in politics and not fewer larger donors.",yes," 1. The person agrees that reversing a previous action was a mistake.
2. They express feeling upset about the reversal.
3. They believe that increasing contribution limits for political donors is not a good idea.
4. The person thinks that there should be more small donors in politics, and not fewer large donors.",, They believe that increasing contribution limits for political donors is not a good idea,,,,,,," The person thinks that there should be more small donors in politics, and not fewer large donors",,,,,,, The person agrees that reversing a previous action was a mistake  They express feeling upset about the reversal,False,True,False,False,False,False,False,False,True,False,False,False,False,False,False,True
10,10620,"""13:19""","Your citizens united is also my main concern. And I think if people really understood the scope in the possibilities that it, it has already allowed to happen. They would people from across the political Spectrum would be against it. Having it a Supreme Court. Decision means that we had no input as Citizens into the decision, whereas putting it over into the legislative side of",yes," 1. The concern about citizens' unity is shared.
2. If people truly understood the potential of the situation, they would be against it.
3. This opposition would come from across the political spectrum.
4. The fact that it was a Supreme Court decision means that citizens had no input in the decision.
5. Putting the issue on the legislative side would allow for citizen involvement.",,,,,,,,,,,,,,, Putting the issue on the legislative side would allow for citizen involvement," The concern about citizens' unity is shared  If people truly understood the potential of the situation, they would be against it  This opposition would come from across the political spectrum  The fact that it was a Supreme Court decision means that citizens had no input in the decision",False,False,False,False,False,False,False,False,False,False,False,False,False,False,True,True
11,10620,"""13:19""", Our government will allow us as voters to have some influence and some say in what happens as to making it a constitutional amendment.,no,,,,,,,,,,,,,,,,,,False,False,False,False,False,False,False,False,False,False,False,False,False,False,False,False
12,48710,"""14:01""",I'm against raising any of the limits on campaign contributions.,yes," 1. The writer is against raising campaign contribution limits.
2. This stance applies to all types of campaign contributions.", This stance applies to all types of campaign contributions, The writer is against raising campaign contribution limits,,,,,,,,,,,,,,,True,True,False,False,False,False,False,False,False,False,False,False,False,False,False,False
13,48712,"""14:08""","Yeah, I'm I'm totally against raising the limits. There's way too much money being spent on these campaigns. And I'm, I'm cynical enough to believe that. Even though my vote counts billionaires out, there are deciding who's going to take their phone call in the Oval Office. And I think that's a trap. See, I don't know what happened in Lincoln's time, but it's out of control now and we need to get rid of the foreign money also.",yes," 1. The speaker is against raising the limits on campaign spending.
2. They believe that too much money is already being spent on campaigns.
3. The speaker is cynical about the influence of money on politics, believing that it allows billionaires to have disproportionate influence on elections.
4. They are concerned that campaign donors may have more access and influence with elected officials than ordinary voters.
5. The speaker believes that the current system of campaign financing is ""out of control"" and needs to be reformed.
6. They also want to eliminate foreign money from campaigns.", They believe that too much money is already being spent on campaigns  They are concerned that campaign donors may have more access and influence with elected officials than ordinary voters, The speaker is against raising the limits on campaign spending, They also want to eliminate foreign money from campaigns,,,,,,,,,,,," The speaker is cynical about the influence of money on politics, believing that it allows billionaires to have disproportionate influence on elections"," The speaker believes that the current system of campaign financing is ""out of control"" and needs to be reformed",True,True,True,False,False,False,False,False,False,False,False,False,False,False,True,True
14,48849,"""14:34""","Yeah, I think so. The contribution limit should actually be lowered to like a thousand for individual and 5,000 for the groups. And because right now, it's like in and probably 95% of Elections, whoever raises the most money wins and",no,,,,,,,,,,,,,,,,,,False,False,False,False,False,False,False,False,False,False,False,False,False,False,False,False
15,48849,"""14:34"""," Those people are usually backed by billionaires, who are the ones, like, telling them how to decide and think. And then on the foreign contributions I think all loopholes should be closed. You should be a US. Citizen only to be able to conjure contribute to a campaign.",yes," 1. Some people who require discussion are supported by billionaires.
2. Billionaires instruct these people on how to decide and think.
3. A proposal is made to close all loopholes on foreign contributions.
4. Only US citizens should be allowed to conjure and contribute to a campaign.",,, A proposal is made to close all loopholes on foreign contributions  Only US citizens should be allowed to conjure and contribute to a campaign,,,,,,,,,,,, Some people who require discussion are supported by billionaires, Billionaires instruct these people on how to decide and think,False,False,True,False,False,False,False,False,False,False,False,False,False,False,True,True
16,9430,"""15:09""",,no,,,,,,,,,,,,,,,,,,False,False,False,False,False,False,False,False,False,False,False,False,False,False,False,False
17,9430,"""15:09""","Well, I agree with the opinions of everybody, I'm not sure exactly about may be racing for individuals because I really do feel like the individual should have more sway on politics and the corporation's clearly, it's obviously not in it.",no,,,,,,,,,,,,,,,,,,False,False,False,False,False,False,False,False,False,False,False,False,False,False,False,False
18,9430,"""15:09"""," In our best interest, for the corporations, to make all the decisions. And I think that's clear and obviously we don't want any other countries having any loopholes to put false advertising on our citizens.",yes," 1. It is in the best interest of corporations for them to make all decisions.
2. Other countries should not have loopholes to put false advertising on citizens.",,, Other countries should not have loopholes to put false advertising on citizens,,,,,,,,,,,,, It is in the best interest of corporations for them to make all decisions,False,False,True,False,False,False,False,False,False,False,False,False,False,False,False,True
19,9789,"""15:50""","Yeah, I'm absolutely in favor of making sure we close the loopholes that allow foreign entities to interfere financially in our elections. I think that the argument against is just silly, you know, we can for we can focus on closing loopholes and we can focus on structural reforms. It's not an either/or proposition.",yes," 1. The text is in favor of closing loopholes that allow foreign entities to interfere financially in elections.
2. The argument against closing these loopholes is considered silly.
3. The text suggests that focusing on closing loopholes and focusing on structural reforms are not mutually exclusive.",,, The text is in favor of closing loopholes that allow foreign entities to interfere financially in elections  The text suggests that focusing on closing loopholes and focusing on structural reforms are not mutually exclusive, The argument against closing these loopholes is considered silly,,,,,,,,,,,,,False,False,True,True,False,False,False,False,False,False,False,False,False,False,False,False
20,48710,"""16:12""",,no,,,,,,,,,,,,,,,,,,False,False,False,False,False,False,False,False,False,False,False,False,False,False,False,False
21,48710,"""16:12""",I think we definitely need to close the loopholes. I don't know why we ever allowed for an entity's to have anything to do with American voting.,yes," 1. It is necessary to close loopholes.
2. The speaker does not know why entities were allowed to have any involvement in American voting.",,, It is necessary to close loopholes,,,,,,,,,,,,, The speaker does not know why entities were allowed to have any involvement in American voting,False,False,True,False,False,False,False,False,False,False,False,False,False,False,False,True
22,10620,"""16:23""","I know this is an upcoming topic, but I think that overall trend should be away from private financing of campaigns and toward public financing, thus, putting the ability to support a candidate into the hands of ordinary voters.",yes," 1. The text suggests a trend away from private financing of campaigns.
2. The suggested alternative is public financing of campaigns.
3. This change is intended to put the ability to support a candidate into the hands of ordinary voters.",,,,,,,,,,,,, The suggested alternative is public financing of campaigns,, The text suggests a trend away from private financing of campaigns, This change is intended to put the ability to support a candidate into the hands of ordinary voters,False,False,False,False,False,False,False,False,False,False,False,False,True,False,True,True
23,9430,"""18:37""","I think that we should definitely have full disclosure of who's putting their money, where, and",no,,,,,,,,,,,,,,,,,,False,False,False,False,False,False,False,False,False,False,False,False,False,False,False,False
24,9430,"""18:37"""," I think that would possibly, you know, let us know how they're being influenced to make it clear.",no,,,,,,,,,,,,,,,,,,False,False,False,False,False,False,False,False,False,False,False,False,False,False,False,False
25,9430,"""18:37""",,no,,,,,,,,,,,,,,,,,,False,False,False,False,False,False,False,False,False,False,False,False,False,False,False,False
26,48712,"""18:54""",I'm not sure about using public funds. Where does that money come from the taxpayers? I don't want that. I need potholes to be fixed. There has to be more to that and also the full disclosure. I mean full disclosure not some airy-fairy name like this was sponsored by XYZ Corporation. I want to know who they are.,yes," 1. Opposed to use of public funds.
2. Uncertain about funding source - taxpayers.
3. Wants potholes to be fixed.
4. Desires full disclosure of funding.
5. Wants to know the identity of the funding party.",,,,,,,,, Desires full disclosure of funding,,,,, Opposed to use of public funds  Uncertain about funding source - taxpayers,, Wants potholes to be fixed  Wants to know the identity of the funding party,False,False,False,False,False,False,False,False,True,False,False,False,False,True,False,True
27,10620,"""19:19""","Yeah I agree with Jerry that even though I just advocated for it, that public disclosure then has to come from taxes. I think that one thing that we do is keep the costs under control when I hear those outrageous amounts of money that are spent on elections and the fact that it but doubled in the last cycle. I think private contributions kind of almost is like a blank check for candidates. Whereas, if public funds were coming in very small amounts from very small People Like Us,",yes," 1. Public disclosure of election funding should come from taxes.
2. It is important to keep costs under control for elections.
3. The amount of money spent on elections has significantly increased, more than doubling in the last cycle.
4. Private contributions to campaigns can be likened to a ""blank check"" for candidates.
5. Public funds for campaigns should come from a large number of small contributions from ordinary people."," Private contributions to campaigns can be likened to a ""blank check"" for candidates",,,,,,,,,,,, Public funds for campaigns should come from a large number of small contributions from ordinary people,, Public disclosure of election funding should come from taxes  It is important to keep costs under control for elections," The amount of money spent on elections has significantly increased, more than doubling in the last cycle",True,False,False,False,False,False,False,False,False,False,False,False,True,False,True,True
28,10620,"""19:19"""," They'd have to work within a realistic. A reality situation where they couldn't spend billions, but how about hundreds of thousands like the rest of us have to deal with? In other words a budget",yes," 1. The need to work within a budget is highlighted.
2. The budget should be realistic and affordable.
3. The budget should be similar to what an average person has to deal with, i.e., hundreds of thousands of dollars, not billions.
4. The budget constraint is compared to a ""reality situation.""",,,,,,,,,e,,,," The need to work within a budget is highlighted , hundreds of thousands of dollars, not billions """,,," The budget should be realistic and affordable  The budget should be similar to what an average person has to deal with, i  The budget constraint is compared to a ""reality situation",False,False,False,False,False,False,False,False,True,False,False,False,True,False,False,True
29,48710,"""20:02""",,no,,,,,,,,,,,,,,,,,,False,False,False,False,False,False,False,False,False,False,False,False,False,False,False,False
30,48710,"""20:02""",I'm definitely against the Democracy vouchers. We don't need our taxes to go up and we sure don't need to increase the national debt.,yes," 1. The person is against Democracy vouchers.
2. They argue that this opposition is based on not wanting taxes to increase.
3. They also argue that they do not want to increase the national debt.",,,,,,,,,,,,,, The person is against Democracy vouchers  They argue that this opposition is based on not wanting taxes to increase  They also argue that they do not want to increase the national debt,,,False,False,False,False,False,False,False,False,False,False,False,False,False,True,False,False
31,9789,"""20:13""","Yeah, I know, I think that, I think getting rid of citizens united would solve a lot of problems with runaway campaign spending. And it would force people to work with, in closer budgets. I think, looking at the disclosure requirements, I think I could probably be convinced that the limit needs to be raised to account for inflation.",no,,,,,,,,,,,,,,,,,,False,False,False,False,False,False,False,False,False,False,False,False,False,False,False,False
32,9789,"""20:13"""," But I do think that requiring organizations that make campaign expenditures to disclose their top, donors is extremely important.",yes," 1. Requirement for organizations to disclose campaign expenditures is important.
2. Disclosure applies to top donors of these organizations.",,,,,,,,, Requirement for organizations to disclose campaign expenditures is important,,,,,,, Disclosure applies to top donors of these organizations,False,False,False,False,False,False,False,False,True,False,False,False,False,False,False,True
33,48849,"""20:54""",Approach full disclosure on any contribution level. And then also I like to see like an election salary cap where you can only spend like 20 million on the election. That way it's a true Level Playing Field and you can't just outspend the opponent.,yes," 1. Advocate for full disclosure on any level of contribution.
2. Propose an election salary cap, limiting the amount of money spent on an election to 20 million dollars.
3. Believe that this cap will ensure a level playing field in elections.
4. Prevent candidates from outspending their opponents.", Believe that this cap will ensure a level playing field in elections,,,,,,,, Advocate for full disclosure on any level of contribution,,,," Propose an election salary cap, limiting the amount of money spent on an election to 20 million dollars",,, Prevent candidates from outspending their opponents,True,False,False,False,False,False,False,False,True,False,False,False,True,False,False,True
34,48711,"""21:13""",,no,,,,,,,,,,,,,,,,,,False,False,False,False,False,False,False,False,False,False,False,False,False,False,False,False
35,48711,"""21:13""","This is a an interesting problem because many other countries have much shorter election Seasons than we do. We're already talking about the 2024 presidential election and it's only June of 2023. A lot of countries. UK, for example, the election campaign season is 60 days. I would probably like to see some sort of starting line for being able to receive contributions and when you can spend money on ads and so forth",yes," 1. The length of election seasons in the United States is longer compared to many other countries.
2. The text mentions the UK as an example, where the election campaign season lasts for 60 days.
3. The text expresses a desire for a starting line for receiving contributions and spending money on ads in election campaigns.
4. The text highlights the 2024 presidential election, which is being discussed in June 2023.",,,,,,,,,,,,,,, The text expresses a desire for a starting line for receiving contributions and spending money on ads in election campaigns," The length of election seasons in the United States is longer compared to many other countries  The text mentions the UK as an example, where the election campaign season lasts for 60 days  The text highlights the 2024 presidential election, which is being discussed in June 2023",False,False,False,False,False,False,False,False,False,False,False,False,False,False,True,True
36,48711,"""21:13"""," Some of these other proposals would be helpful, but they're kind of Band-Aids on the problem of overall spending.",yes," 1. There are proposals to address the issue of overall spending.
2. Some of these proposals could be helpful.
3. However, these proposals can be seen as temporary solutions or ""Band-Aids"".
4. The main problem is the overall level of spending.",,,,,,,,,,,,,,," However, these proposals can be seen as temporary solutions or ""Band-Aids""  The main problem is the overall level of spending", There are proposals to address the issue of overall spending  Some of these proposals could be helpful,False,False,False,False,False,False,False,False,False,False,False,False,False,False,True,True
37,9430,"""21:51""",this probably isn't exactly on our topics but I really feel like there needs to be less smearing of their opponents and more revealing on how they've actually voted and,yes," 1. The text is a opinion or comment about political discourse.
2. The commenter believes that there should be less smearing of opponents.
3. The commenter thinks there should be more revealing of how politicians have actually voted.",,,,,,,,, The commenter thinks there should be more revealing of how politicians have actually voted,,,,,,, The text is a opinion or comment about political discourse  The commenter believes that there should be less smearing of opponents,False,False,False,False,False,False,False,False,True,False,False,False,False,False,False,True
38,9430,"""21:51""", What they plan on do doing and not worrying about the family members of the other parties.,yes," 1. The parties have a plan.
2. They are not concerned about the family members of the other parties.",,,,,,,,,,,,,,,, The parties have a plan  They are not concerned about the family members of the other parties,False,False,False,False,False,False,False,False,False,False,False,False,False,False,False,True
39,48712,"""22:16""","I totally agree with Dave about having the limits of how much can be spent her office. Like if you're running for president, it's like a million. I'm no that's wrong. But it limit to each one that will stop all the billionaires telling who's going to, you know, win. And I also agree with Diane shoot, I just went I just went dead but whatever, Diane just said, I agree with it.",yes," 1. The speaker agrees with Dave about setting spending limits for political campaigns.
2. The speaker believes that a spending limit, such as a million dollars for a presidential campaign, is necessary.
3. The speaker thinks that this limit would prevent billionaires from influencing the outcome of elections.
4. The speaker also agrees with Diane's opinion on the matter, although Diane did not finish her statement."," The speaker agrees with Dave about setting spending limits for political campaigns  The speaker believes that a spending limit, such as a million dollars for a presidential campaign, is necessary  The speaker thinks that this limit would prevent billionaires from influencing the outcome of elections",,,,,,,,,,,,,,," The speaker also agrees with Diane's opinion on the matter, although Diane did not finish her statement",True,False,False,False,False,False,False,False,False,False,False,False,False,False,False,True
40,10620,"""22:44""","I agree with Dale. Maybe there's too many D's in the room. I think that's a really key point and that is something I've read a great deal about that. The fact that we have a crazy amount of time that we start campaigning, in addition to the increasing the amount of spending when you're doing it over that length of time. You're also increasing voter burnout and decreasing voter turnout because",no,,,,,,,,,,,,,,,,,,False,False,False,False,False,False,False,False,False,False,False,False,False,False,False,False
41,10620,"""22:44"""," people are are really tired by the time election comes along, instead of motivated. So that is something that really is, kind of a under visited topic, but it's a key point.",no,,,,,,,,,,,,,,,,,,False,False,False,False,False,False,False,False,False,False,False,False,False,False,False,False
42,48849,"""23:26""","Election information, overload and voter fatigue is real. I think it just like when you get those postcards in the mailbox like a week before it's like garbage, recycle not even going to look at it by then.",no,,,,,,,,,,,,,,,,,,False,False,False,False,False,False,False,False,False,False,False,False,False,False,False,False
43,48711,"""24:47""","Jerry, I wanted to ask you about re District, in Arizona, California and Arizona are two of the Pioneers on Independent redistricting commissions. And I'm wondering how you think it's been working in Arizona.",no,,,,,,,,,,,,,,,,,,False,False,False,False,False,False,False,False,False,False,False,False,False,False,False,False
44,48712,"""25:02""",I can only speak for where the district I live and I live in northern Arizona and we got severely gerrymandered and so I feel like I have no representation anymore. I won't get into why so I can't speak for the state but they call us a purple State and because our state legislators are very red and apparently our federal turned blue. So now we're purple. Oh no.,no,,,,,,,,,,,,,,,,,,False,False,False,False,False,False,False,False,False,False,False,False,False,False,False,False
45,48712,"""25:02""",,no,,,,,,,,,,,,,,,,,,False,False,False,False,False,False,False,False,False,False,False,False,False,False,False,False
46,48710,"""25:33""",And I'm against redistricting. I do not believe that there is an independent body that is non partisan.,yes," 1. Opposition to redistricting
2. Belief that there is no independent, non-partisan body to carry out redistricting fairly.",,,,,," Opposition to redistricting Belief that there is no independent, non-partisan body to carry out redistricting fairly",,,,,,,,,,,False,False,False,False,False,True,False,False,False,False,False,False,False,False,False,False
47,48849,"""25:44""","To me, the only fair non-partisan way to do it is to divide each state into equal units. So like Nebraska has three districts just slice three, slices of equal land area and I think that's the fairest way to end the only way to keep partisanship out of the boundaries.",yes," 1. A fair and non-partisan way to divide states for electoral districts is to divide each state into equal units.
2. This can be done by slicing the state into equal areas of land.
3. This method was used in Nebraska, which has three districts, by dividing the state into three equal slices of land area.
4. This is considered to be the fairest way to end partisanship in the boundary drawing process.",,,,," A fair and non-partisan way to divide states for electoral districts is to divide each state into equal units  This method was used in Nebraska, which has three districts, by dividing the state into three equal slices of land area  This is considered to be the fairest way to end partisanship in the boundary drawing process",,,,,,,,,,, This can be done by slicing the state into equal areas of land,False,False,False,False,True,False,False,False,False,False,False,False,False,False,False,True
48,9789,"""26:05""","Well, the issue with that, is the goal of redistricting is to make sure that you have districts of equal populations because what you want to end up with is Representatives that represent a roughly equal number of people within each state. So if you sliced it up into individual to equal land areas, you would have with a problem where, you know, the piece of area that has a big city in it would suddenly",yes," 1. The goal of redistricting is to create districts with equal populations.
2. This is because Representatives should represent a roughly equal number of people within each state.
3. If districts were sliced up into equal land areas, there would be an issue where a piece of area with a big city would have a much larger population than other areas.
4. This would result in unequal representation, as districts with larger populations would have more influence in Congress.",,,,," This is because Representatives should represent a roughly equal number of people within each state  This would result in unequal representation, as districts with larger populations would have more influence in Congress",,,,,,,,,," If districts were sliced up into equal land areas, there would be an issue where a piece of area with a big city would have a much larger population than other areas", The goal of redistricting is to create districts with equal populations,False,False,False,False,True,False,False,False,False,False,False,False,False,False,True,True
49,9789,"""26:05"""," Have a ton of people being represented by single representative where where as you know that area that is just out in the sticks would have, you know, but very few people but still the same one representative.",no,,,,,,,,,,,,,,,,,,False,False,False,False,False,False,False,False,False,False,False,False,False,False,False,False
50,48711,"""26:50""","Need to consider a state like North Carolina in North Carolina. The Statewide vote for Congressional Representatives is about 50 percent Democratic fifty percent Republican, but they have 10 Republican seats and two Democratic seats. And that's because the legislature has drawn the district to divide up the Republican and Democratic voters in a way that disadvantages the Democratic voters. So while I've been independent commission's may not be perfect, they do solve that problem.",yes," 1. North Carolina is a state that requires consideration.
2. The state-wide vote for Congressional Representatives is evenly split between Democratic and Republican parties, at approximately 50% each.
3. However, there are 10 Republican seats and only 2 Democratic seats in the state.
4. This imbalance is due to the way the legislature has drawn district boundaries, dividing Republican and Democratic voters in a manner that disadvantages Democrats.
5. While independent commissions may not be perfect, they can help solve this problem by creating fairer district boundaries.",,,,," This imbalance is due to the way the legislature has drawn district boundaries, dividing Republican and Democratic voters in a manner that disadvantages Democrats  While independent commissions may not be perfect, they can help solve this problem by creating fairer district boundaries",,,,,,,,,," However, there are 10 Republican seats and only 2 Democratic seats in the state"," North Carolina is a state that requires consideration  The state-wide vote for Congressional Representatives is evenly split between Democratic and Republican parties, at approximately 50% each",False,False,False,False,True,False,False,False,False,False,False,False,False,False,True,True
51,48711,"""26:50"""," And the states where we have it, such as California, you don't get that kind of unfair result.",no,,,,,,,,,,,,,,,,,,False,False,False,False,False,False,False,False,False,False,False,False,False,False,False,False
52,48849,"""27:26""","I didn't really consider the land area versus population which I actually should have, because, like 2/3 of the Nebraska population lives within like a hundred miles of the eastern border and the West is yeah, like an outpost. So I guess that does make more sense to still try to. I don't know, I guess keep them equal population wise but try to",yes," 1. The population density of Nebraska is not equal throughout the state.
2. Around 2/3 of Nebraska's population lives within 100 miles of the eastern border.
3. The western part of Nebraska has a lower population density, with some areas being described as an ""outpost.""
4. Despite the unequal distribution of population, there is a consideration to keep the population equal or balanced across the state.",,,,,,,,,,,,,,,," The population density of Nebraska is not equal throughout the state  Around 2/3 of Nebraska's population lives within 100 miles of the eastern border  The western part of Nebraska has a lower population density, with some areas being described as an ""outpost "" Despite the unequal distribution of population, there is a consideration to keep the population equal or balanced across the state",False,False,False,False,False,False,False,False,False,False,False,False,False,False,False,True
53,48849,"""27:26"""," Do it in a fair manner, I guess. If that",no,,,,,,,,,,,,,,,,,,False,False,False,False,False,False,False,False,False,False,False,False,False,False,False,False
54,9789,"""27:57""","Yeah. And and while I do, I agree with what you said earlier about that, you know, you can never have a purely nonpartisan commission, but I think that, at least, if you include members of all the relevant parties on the commission, then at least they'll be able to come to, you know, fight each other's interests and come up with a compromise that I think, hopefully will be at least somewhat better than",no,,,,,,,,,,,,,,,,,,False,False,False,False,False,False,False,False,False,False,False,False,False,False,False,False
55,9789,"""27:57"""," If you know, just the single party in power was allowed to draw the lines. However, they wanted",no,,,,,,,,,,,,,,,,,,False,False,False,False,False,False,False,False,False,False,False,False,False,False,False,False
56,48712,"""28:29""","Yeah. I'm desperately trying to look through the notes here because this kind of touches on something we might have chatted with our first session where, as opposed to having one Congress member for certain amount of real estate geography. There would be two or three. So even the minorities in that group would have some kind of representation, I think that would help out and get rid of the gerrymandering.",yes," 1. The text discusses a proposal to change the way Congressional districts are determined.
2. Instead of having one Congress member represent a specific geographical area, the proposal suggests having two or three representatives for the same area.
3. This change is intended to provide better representation for minorities within that group.
4. The proposal is also aimed at eliminating gerrymandering.",,,,, The text discusses a proposal to change the way Congressional districts are determined  The proposal is also aimed at eliminating gerrymandering,,,,,,,,,," Instead of having one Congress member represent a specific geographical area, the proposal suggests having two or three representatives for the same area  This change is intended to provide better representation for minorities within that group",,False,False,False,False,True,False,False,False,False,False,False,False,False,False,True,False
57,48710,"""28:53""",If you have this Independent party who what are the checks and balances going to be on that?,yes," 1. The Independent party is mentioned.
2. The question of checks and balances on this Independent party is raised.
3. No specific checks and balances are provided in the text.",,,,,,,,,,,,,,,, The Independent party is mentioned  The question of checks and balances on this Independent party is raised  No specific checks and balances are provided in the text,False,False,False,False,False,False,False,False,False,False,False,False,False,False,False,True
58,10620,"""29:01""","Yeah, I think we did talk about gerrymandering even though it wasn't mentioned by name and a previous in a previous topic.",yes," 1. The topic of gerrymandering was discussed in a previous conversation, even if the term ""gerrymandering"" was not explicitly used.
2. Gerrymandering is a complex issue that involves redrawing electoral district boundaries in a way that gives one party an unfair advantage.
3. The practice of gerrymandering can have significant impacts on the democratic process and the distribution of political power.
4. It is important to be aware of gerrymandering and its effects, even if the term is not explicitly used in a conversation.",,,,," The topic of gerrymandering was discussed in a previous conversation, even if the term ""gerrymandering"" was not explicitly used  Gerrymandering is a complex issue that involves redrawing electoral district boundaries in a way that gives one party an unfair advantage  The practice of gerrymandering can have significant impacts on the democratic process and the distribution of political power  It is important to be aware of gerrymandering and its effects, even if the term is not explicitly used in a conversation",,,,,,,,,,,,False,False,False,False,True,False,False,False,False,False,False,False,False,False,False,False
59,9430,"""29:13""","I'm just wondering if it's really necessary to read District. Every time I mean, are there really this many cities popping up and thus many people moving from an area that it needs to be done every single time?",yes," 1. The text is a question about the necessity of reading the district in a certain context.
2. The author wonders if it's required every time there are many cities popping up and people moving from one area to another.",,,,,,,,,,,,,,,, The text is a question about the necessity of reading the district in a certain context  The author wonders if it's required every time there are many cities popping up and people moving from one area to another,False,False,False,False,False,False,False,False,False,False,False,False,False,False,False,True
60,9789,"""29:32""","So dancer trees, question the checks and balances would be the same that we have today probably which is that citizens are organizations. Can can sue if they believe that the district's lines have been drawn in such a way that they're being disadvantaged, I think that the hope would be that there would be fewer districts causing these advantages in the first place if we did this way. And then,",no,,,,,,,,,,,,,,,,,,False,False,False,False,False,False,False,False,False,False,False,False,False,False,False,False
61,9789,"""29:32""","It was Diane that just spoke about why we do redistricting because, you know, people move around a lot in 10 years between the censuses. So it really is necessary in order to make sure that",no,,,,,,,,,,,,,,,,,,False,False,False,False,False,False,False,False,False,False,False,False,False,False,False,False
62,10620,"""30:17""","Yeah, this is the census is every 10 years and that would be the opportunity to reassess, but it's the it seems like a fairly simple mathematical process to allocate representation by District based on population and completely remove partisan politics from the equation that have it done even by computer. Just if we're allocating geographically and",no,,,,,,,,,,,,,,,,,,False,False,False,False,False,False,False,False,False,False,False,False,False,False,False,False
63,10620,"""30:17"""," Graphically around population. That should just be almost done, blind of, you know, any kind of party affiliation. So it's a almost, a random process but equally distributed",no,,,,,,,,,,,,,,,,,,False,False,False,False,False,False,False,False,False,False,False,False,False,False,False,False
64,48711,"""31:00""",And just a Jerry's point it's not redistricting every time Jerry it's only done after the census every ten years. So it doesn't happen as often as you might think when it does happen in lines get redrawn and you get moved from one District to another than it feels like a jolt and it may feel like it came up sooner than you thought. But it actually it only happens. Every 10 years,no,,,,,,,,,,,,,,,,,,False,False,False,False,False,False,False,False,False,False,False,False,False,False,False,False
65,9789,"""31:24""","Yeah, it's so too hard point about potentially using a computer or some algorithm to do it. I think that's it's an interesting point but then I guarantee you people will be fighting over the precise implementation of that algorithm, instead of exactly how the lines are drawn because then you know, you have to program it to say, okay like how are we going to, you know, how are you going to try to group people together even a program? The algorithm to try to group?",yes," 1. The use of a computer or algorithm for a certain task is a difficult topic.
2. It is an interesting idea, but people may argue over the precise implementation of the algorithm.
3. There will be discussions on how to draw the lines.
4. Programming the algorithm requires deciding how to group people or items together.",,,,, There will be discussions on how to draw the lines,,,,,,,,,,," The use of a computer or algorithm for a certain task is a difficult topic  It is an interesting idea, but people may argue over the precise implementation of the algorithm  Programming the algorithm requires deciding how to group people or items together",False,False,False,False,True,False,False,False,False,False,False,False,False,False,False,True
66,9789,"""31:24"""," Poop, you know counties together or to try to follow, you know, natural boundaries like Rivers you know because it if you just tell it you know just make equal poor people.",no,,,,,,,,,,,,,,,,,,False,False,False,False,False,False,False,False,False,False,False,False,False,False,False,False
67,9789,"""32:10""","Because just make equal portions and you'll still have people complaining. Hey, the line goes straight through my neighborhood and, you know, I, you know, me and my neighbors feel like we're part of the same district. Even though the computer has said that we're not. So I think that it's a great idea and I think it should be explored, but I think it's going to cause I think it'll cause just as much consternation as drawing the lines by hand.",yes," 1. The speaker suggests that dividing a district equally may still result in complaints.
2. The speaker's neighborhood is split by the proposed district line, and they feel a sense of community with their neighbors in the adjacent district.
3. The speaker believes that the proposed computer-drawn district lines may cause just as much controversy as hand-drawn lines.",,,,,, The speaker believes that the proposed computer-drawn district lines may cause just as much controversy as hand-drawn lines,,,,,,,,," The speaker suggests that dividing a district equally may still result in complaints  The speaker's neighborhood is split by the proposed district line, and they feel a sense of community with their neighbors in the adjacent district",,False,False,False,False,False,True,False,False,False,False,False,False,False,False,True,False
68,48710,"""33:29""",,no,,,,,,,,,,,,,,,,,,False,False,False,False,False,False,False,False,False,False,False,False,False,False,False,False
69,48710,"""33:29""",I am opposed to letting sixteen-year-olds vote even in a school board thing and I am in favor of voting day being a national holiday.,yes," 1. Opposed to sixteen-year-olds voting in school board elections.
2. In favor of making Election Day a national holiday.",,,,,,,,,,,,,,, In favor of making Election Day a national holiday, Opposed to sixteen-year-olds voting in school board elections,False,False,False,False,False,False,False,False,False,False,False,False,False,False,True,True
70,9789,"""33:43""","Yeah, I'm in favor of making Election Day a national holiday. However, I think that I think we should allow 16 year olds to vote in Local School Board elections. The whole point of democracy is that the people who are governed are the ones who are voting for the people in power. And I think that we should be giving kids that right to vote for people that are controlling their education. I did want to say, however, that as",no,,,,,,,,,,,,,,,,,,False,False,False,False,False,False,False,False,False,False,False,False,False,False,False,False
71,9789,"""33:43"""," much as I would love to get more people involved in voting, I am completely against having voting be mandatory and and levying a fine of people who don't vote.",yes," 1. The writer would like to see more people involved in voting.
2. The writer is against making voting mandatory.
3. The writer is against fining people who do not vote.",,,,,,,,,,, The writer would like to see more people involved in voting,,,,, The writer is against making voting mandatory  The writer is against fining people who do not vote,False,False,False,False,False,False,False,False,False,False,True,False,False,False,False,True
72,9430,"""34:26""","I agree with pretty much everything. Aaron just said, finding people for voting or not, voting us not Democratic at all. I don't think you should have a right to vote or not vote. Although I do want more people to vote, but I think 16 year olds would also be more inspired to be involved in politics. If it started, when they were young and they saw themselves making a",yes," 1. The speaker agrees with Aaron's statement that deciding who should and shouldn't vote is not democratic.
2. The speaker believes that there should not be a right to choose whether to vote or not.
3. The speaker wants more people to vote.
4. The speaker proposes that lowering the voting age to 16 could inspire more young people to be involved in politics.
5. The speaker suggests that starting political involvement at a young age could have a positive impact on young people's perception of their ability to make a difference.",,,,,,,,,,, The speaker suggests that starting political involvement at a young age could have a positive impact on young people's perception of their ability to make a difference,,,,, The speaker agrees with Aaron's statement that deciding who should and shouldn't vote is not democratic  The speaker believes that there should not be a right to choose whether to vote or not  The speaker wants more people to vote  The speaker proposes that lowering the voting age to 16 could inspire more young people to be involved in politics,False,False,False,False,False,False,False,False,False,False,True,False,False,False,False,True
73,9430,"""34:26""", A difference then they might feel that they would more involved in politics.,no,,,,,,,,,,,,,,,,,,False,False,False,False,False,False,False,False,False,False,False,False,False,False,False,False
74,48712,"""35:04""","Yeah, I'm in agreement that 16 year old should be allowed to vote for school board. It affects them directly. You will also get them involved. If they're not being taught Civics in school yet, that will be their entrance into Civics, at least in on their local level. I also think it should be a national holiday. The day we vote and we should not encourage people or not encourage obligate people to vote if they have no interest in it.",no,,,,,,,,,,,,,,,,,,False,False,False,False,False,False,False,False,False,False,False,False,False,False,False,False
75,48712,"""35:04"""," I mean it'd be lovely, but if that's not where your jam is, it just isn't in. This is still a free country. Thank you. And I would like to see the ability of more third-party candidates to be able to get on that ballot. Not get squeezed out by the big",no,,,,,,,,,,,,,,,,,,False,False,False,False,False,False,False,False,False,False,False,False,False,False,False,False
76,10620,"""35:49""","Yeah, I want to put in a vote for that first one to since we were focusing on the last three, whatever it takes to get more, third party, candidates on the ballot and independent Kelly candidates. I'm all in favor of it. The compulsory obligation is, is really not would not be popular. It's not popular with this group. I also disagree. And I think that it's always useful to look at what other countries are doing and have done. Historically, I don't think any other country has compulsory",yes," 1. The speaker wants to prioritize the first proposal, which is about increasing the number of third-party and independent candidates on the ballot.
2. The speaker is in favor of the proposal.
3. The idea of a compulsory obligation, such as mandatory voting, is not popular with this group.
4. The speaker also disagrees with the idea of compulsory obligation.
5. The speaker believes that it is useful to look at what other countries have done historically regarding compulsory voting.
6. According to the speaker, no other country has compulsory voting.", The speaker is in favor of the proposal,,,,,,,,,,,,,, The speaker believes that it is useful to look at what other countries have done historically regarding compulsory voting," The speaker wants to prioritize the first proposal, which is about increasing the number of third-party and independent candidates on the ballot  The idea of a compulsory obligation, such as mandatory voting, is not popular with this group  The speaker also disagrees with the idea of compulsory obligation  According to the speaker, no other country has compulsory voting",True,False,False,False,False,False,False,False,False,False,False,False,False,False,True,True
77,10620,"""35:49"""," voting other than the ones that perhaps have compulsory everything. In other words, dictatorships does it? Okay. Well, I stand corrected but the sixteen-year-old. It's a pretty low stakes requirement",yes," 1. Some countries allow voting at the age of 16.
2. In contrast, dictatorships do not have any kind of voting.
3. The statement was made that in some places, voting is not mandatory.
4. The 16-year-old's requirement for voting is described as having low stakes.",,,,,,,,,,,,,,,," Some countries allow voting at the age of 16  In contrast, dictatorships do not have any kind of voting  The statement was made that in some places, voting is not mandatory  The 16-year-old's requirement for voting is described as having low stakes",False,False,False,False,False,False,False,False,False,False,False,False,False,False,False,True
78,48711,"""36:24""","Australia, has it.",no,,,,,,,,,,,,,,,,,,False,False,False,False,False,False,False,False,False,False,False,False,False,False,False,False
79,48710,"""36:37""",,no,,,,,,,,,,,,,,,,,,False,False,False,False,False,False,False,False,False,False,False,False,False,False,False,False
80,48710,"""36:37""","I too am for having third-party people be able to get on the ballot and as far as the voting a Civic obligation with fines, I'm totally against that.",yes," 1. The author supports third-party candidates being able to appear on ballots.
2. The author is against voting being a civic obligation with fines.",,,,,,,,,,,,,,,, The author supports third-party candidates being able to appear on ballots  The author is against voting being a civic obligation with fines,False,False,False,False,False,False,False,False,False,False,False,False,False,False,False,True
81,48849,"""36:58""","I'm also against making voting compulsory. If you're forcing democracy, it's not really democracy as it seems like to me. And then on the 16 year, olds to vote. I'm okay with that. Think by 16, they're more democratically, informed and can make a good choice.",yes," 1. Opposed to making voting compulsory.
2. Believes that forcing democracy goes against the principles of democracy.
3. Supports lowering the voting age to 16.
4. Believes that 16-year-olds are more democratically informed and can make good voting choices.",,,,,,,,,,,,,,,, Opposed to making voting compulsory  Believes that forcing democracy goes against the principles of democracy  Supports lowering the voting age to 16  Believes that 16-year-olds are more democratically informed and can make good voting choices,False,False,False,False,False,False,False,False,False,False,False,False,False,False,False,True
82,9430,"""37:22""","I definitely want to see more independent candidates and I want them to be able to reach and have an opportunity to be voted for. I am really tired of the two-party politics. We've been having my my life, my entire life. Really,",yes," 1. The speaker wants to see more independent candidates in politics.
2. They believe independent candidates should have the opportunity to be voted for.
3. The speaker is frustrated with the current two-party political system.
4. The speaker has experienced two-party politics throughout their entire life.",,,,,,,,,,,,,,, The speaker wants to see more independent candidates in politics  They believe independent candidates should have the opportunity to be voted for, The speaker is frustrated with the current two-party political system  The speaker has experienced two-party politics throughout their entire life,False,False,False,False,False,False,False,False,False,False,False,False,False,False,True,True
83,10620,"""37:44""","I think if you just took a random sample of people as to why, you know, jury service is, you know, commonly thought of as kind of a thing you have to do and that people don't look forward to. I think part of it is the way it's conducted, you know, calling in 200 people, making them sit around and often being let out after two days because there was a deal that was made between the lawyer and the client. So,",yes," 1. Jury service is often seen as a mandatory task that people don't look forward to.
2. The way jury service is conducted can contribute to this negative view.
3. A large number of people, such as 200, may be called for jury service.
4. Those individuals may be made to sit and wait for potential selection.
5. In many cases, jurors are let go after two days because a deal has been made between the lawyer and the client.",,,,,,,,,,,,,,," In many cases, jurors are let go after two days because a deal has been made between the lawyer and the client"," Jury service is often seen as a mandatory task that people don't look forward to  The way jury service is conducted can contribute to this negative view  A large number of people, such as 200, may be called for jury service  Those individuals may be made to sit and wait for potential selection",False,False,False,False,False,False,False,False,False,False,False,False,False,False,True,True
84,10620,"""37:44"""," maybe a similar kind of logistical problem would exist if you had compulsory voting namely, thousands of people at the standing in line, waiting for their chance because they have to and therefore, they become frustrated angry and against the, the whole concept of voting and that would be counterproductive",yes," 1. Compulsory voting could lead to a logistical problem of thousands of people waiting in line to vote.
2. These people may be waiting in line out of obligation, which could lead to frustration and anger.
3. This frustration and anger could be directed towards the voting process and the concept of voting as a whole.
4. This negative response would be counterproductive to the goal of compulsory voting.",,,,,,,,,,,,,,,," Compulsory voting could lead to a logistical problem of thousands of people waiting in line to vote  These people may be waiting in line out of obligation, which could lead to frustration and anger  This frustration and anger could be directed towards the voting process and the concept of voting as a whole  This negative response would be counterproductive to the goal of compulsory voting",False,False,False,False,False,False,False,False,False,False,False,False,False,False,False,True
85,48849,"""38:28""","I also think if you do the compulsory voting, you'll get people that don't want to vote just randomly picking one or throwing darts basically. So it'll kind of be meaningless anyway.",yes," 1. Compulsory voting would require people to vote, even if they don't want to.
2. Those who are forced to vote may randomly pick a candidate or leave their vote blank.
3. This random selection would not accurately reflect their political views.
4. As a result, compulsory voting could lead to meaningless votes.",,,,,,,,,,,,,,,," Compulsory voting would require people to vote, even if they don't want to  Those who are forced to vote may randomly pick a candidate or leave their vote blank  This random selection would not accurately reflect their political views  As a result, compulsory voting could lead to meaningless votes",False,False,False,False,False,False,False,False,False,False,False,False,False,False,False,True
86,48849,"""38:28""",,no,,,,,,,,,,,,,,,,,,False,False,False,False,False,False,False,False,False,False,False,False,False,False,False,False
87,48849,"""38:28""",,no,,,,,,,,,,,,,,,,,,False,False,False,False,False,False,False,False,False,False,False,False,False,False,False,False
88,48849,"""38:28""",,no,,,,,,,,,,,,,,,,,,False,False,False,False,False,False,False,False,False,False,False,False,False,False,False,False
89,48849,"""38:28""",,no,,,,,,,,,,,,,,,,,,False,False,False,False,False,False,False,False,False,False,False,False,False,False,False,False
90,48849,"""38:28""", Go. Big Red. I think we're almost out of time. It's been fun to everyone. Good discussions. I learned a lot from you guys and Still rocking my North pad like a LZ.,no,,,,,,,,,,,,,,,,,,False,False,False,False,False,False,False,False,False,False,False,False,False,False,False,False
91,10620,"""42:01""","I am I was one click away from getting my question on the ballot so to speak. I was so if anyone is interested or wants to merge it, I was asking about the national holiday and why we don't have one and what it would take to get one.",no,,,,,,,,,,,,,,,,,,False,False,False,False,False,False,False,False,False,False,False,False,False,False,False,False
92,48711,"""43:27""",This is another situation where our group is come up with a bunch of good questions. I think I think most of these are good questions and it's just a question of which one we're going to put to The Experts.,no,,,,,,,,,,,,,,,,,,False,False,False,False,False,False,False,False,False,False,False,False,False,False,False,False
93,10620,"""43:40""","This one, I'd love to see a Citizens United question on the ballot, but I kind of think the answer to what would the effects be is somewhat obvious because it wasn't that long ago that citizens united didn't exist. And so reversing it would kind of bring us back to where we were. I'm thinking also in terms of what would it take to make it go away? What do we have to do to make",yes," 1. The user would like to see a question about Citizens United on a ballot.
2. The user believes that the potential effects of this change are obvious, as the situation before Citizens United existed is still relatively recent.
3. The user ponders about what it would take to make Citizens United go away.
4. The user questions what actions would be necessary to make Citizens United disappear.",,,,,,,,,,,,,,, The user would like to see a question about Citizens United on a ballot  The user ponders about what it would take to make Citizens United go away," The user believes that the potential effects of this change are obvious, as the situation before Citizens United existed is still relatively recent  The user questions what actions would be necessary to make Citizens United disappear",False,False,False,False,False,False,False,False,False,False,False,False,False,False,True,True
94,10620,"""43:40"""," To, you know, to go against basically a Supreme Court decision and get a constitutional amendment passed so that it would never be affecting us again.",yes," 1. The goal is to go against a Supreme Court decision.
2. A constitutional amendment would be pursued to ensure the issue would never affect them again.",,,,,,,,,,,,,,, A constitutional amendment would be pursued to ensure the issue would never affect them again, The goal is to go against a Supreme Court decision,False,False,False,False,False,False,False,False,False,False,False,False,False,False,True,True
95,48710,"""44:18""",,no,,,,,,,,,,,,,,,,,,False,False,False,False,False,False,False,False,False,False,False,False,False,False,False,False
96,48710,"""44:18""","I like the question, Erin.",no,,,,,,,,,,,,,,,,,,False,False,False,False,False,False,False,False,False,False,False,False,False,False,False,False
97,9789,"""44:22""","Thank you. All right, thank you. I think you hit the nail on the head. Dude, it would require a Constitutional Amendment, which would be incredibly difficult to pass. But I think what I was going for this is I was, I think we all are of the mind that this would be a net positive, but I was more interested in what are if they're, if they, if the panelists think that there are any",no,,,,,,,,,,,,,,,,,,False,False,False,False,False,False,False,False,False,False,False,False,False,False,False,False
98,9789,"""44:22""", Unintended consequences that might arise as a result of this.,yes," 1. Disruption of existing systems and processes.
2. Negative impact on users or stakeholders.
3. Inefficiencies and additional costs.
4. Potential legal and regulatory issues.
5. Harm to the reputation of the organization.
6. Negative environmental impacts.
7. Negative social impacts.",,,,,,,,,,,,,,, Disruption of existing systems and processes  Inefficiencies and additional costs  Potential legal and regulatory issues, Negative impact on users or stakeholders  Harm to the reputation of the organization  Negative environmental impacts  Negative social impacts,False,False,False,False,False,False,False,False,False,False,False,False,False,False,True,True
99,48711,"""44:51""","I think the most interesting question that we have in this group here for the experts is one, that's a little more provocative and when get more results from them or more, more thinking from them. And that is the the total cap on spending that is something that would be very different from our current practices and we all think that money is a problem politics. So I think that either, Dave, or Jerry's question ought to come to the top and put the experts chew on. Can we have a cap on total spending for a camp?",no,,,,,,,,,,,,,,,,,,False,False,False,False,False,False,False,False,False,False,False,False,False,False,False,False
100,48711,"""44:51""", Pain.,no,,,,,,,,,,,,,,,,,,False,False,False,False,False,False,False,False,False,False,False,False,False,False,False,False
101,48849,"""45:23""","And I kind of use that salary cap Sports analogy because I think that works good in that lytic world and allows like small Market teams, like the Green Bay Packers or the Pittsburgh Pirates to compete with the did New York Yankees and the Dodgers of the world. So yeah, I'd be interested to hear what the panel would say about this.",yes," 1. The speaker uses a salary cap sports analogy in the field of lyetics.
2. This analogy allows small market teams, such as the Green Bay Packers in football or the Pittsburgh Pirates in baseball, to compete with larger market teams, like the New York Yankees and the Dodgers.
3. The speaker is interested in hearing the panel's thoughts on this analogy and its applicability in the lyetics world.",,,,,,,,,,,,,,,," The speaker uses a salary cap sports analogy in the field of lyetics  This analogy allows small market teams, such as the Green Bay Packers in football or the Pittsburgh Pirates in baseball, to compete with larger market teams, like the New York Yankees and the Dodgers  The speaker is interested in hearing the panel's thoughts on this analogy and its applicability in the lyetics world",False,False,False,False,False,False,False,False,False,False,False,False,False,False,False,True
102,48712,"""45:59""","Okay, well, we just talked about it and I, you know, mine and days are basically the same. I don't understand. Sports analogies. I'm not into sports. Sorry, Dave, I hope your team wins whoever they are but I think we're in agreement about there's way too much money being spent on these things and it's just out of control.",no,,,,,,,,,,,,,,,,,,False,False,False,False,False,False,False,False,False,False,False,False,False,False,False,False
103,48712,"""46:52""",It's already been said.,no,,,,,,,,,,,,,,,,,,False,False,False,False,False,False,False,False,False,False,False,False,False,False,False,False
104,10620,"""46:56""","I know it says total in the first quest in Dave's question but perhaps if we differentiated private versus public or specify that we are interested in one or the other or both,",no,,,,,,,,,,,,,,,,,,False,False,False,False,False,False,False,False,False,False,False,False,False,False,False,False
105,48711,"""47:12""","But it's a little little complicated phrase, so I think probably the total salary cap per campaign is a kind of straightforward way to put it to the experts.",no,,,,,,,,,,,,,,,,,,False,False,False,False,False,False,False,False,False,False,False,False,False,False,False,False
106,48710,"""47:25""","Yeah, I like the way Dave's this morning. I think it'll get more of a response.",no,,,,,,,,,,,,,,,,,,False,False,False,False,False,False,False,False,False,False,False,False,False,False,False,False
107,48849,"""47:58""",I can't remember but it seems like in the first one with the guy from Alaska. Did they do you guys remember if they talked about gerrymandering it was I thought I remember some of that and like the talk about intense partisanship.,no,,,,,,,,,,,,,,,,,,False,False,False,False,False,False,False,False,False,False,False,False,False,False,False,False
108,48711,"""48:13""","Yeah, the guy from Alaska did talk about it because in Alaska, they have an independent commission that draws the districts, and so, like California, and Arizona, they have and Michigan. They've mitigated these problems to a significant extent. He said it worked out well, but they, they had redistricting by commission, and then they had ranked Choice voting so they had two levels of making things fair. I think that, you know, Dave's question probably should go to",no,,,,,,,,,,,,,,,,,,False,False,False,False,False,False,False,False,False,False,False,False,False,False,False,False
109,48711,"""48:13"""," the top, you know, I like this when I think the extra would be interesting on this one too, but I think Dave's question is comes from a more provocative place for these experts to address.",no,,,,,,,,,,,,,,,,,,False,False,False,False,False,False,False,False,False,False,False,False,False,False,False,False
110,9789,"""49:20""","Are you actually really like this one? Just because it's something I'm not sure about either. Like, I think we should find some way for third parties to have a better and easier way to participate. But I'm just not sure what that would look like.",no,,,,,,,,,,,,,,,,,,False,False,False,False,False,False,False,False,False,False,False,False,False,False,False,False
111,48710,"""49:37""",I just think Dave's question actually puts it a little better.,no,,,,,,,,,,,,,,,,,,False,False,False,False,False,False,False,False,False,False,False,False,False,False,False,False
112,48712,"""49:44""","I agree to put Dave's question number 1. But I also liked Rudy's question because there may be Third Party candidate names on a ballot, but we don't know much about them because they get squeezed out again. I think it's all about the money.",no,,,,,,,,,,,,,,,,,,False,False,False,False,False,False,False,False,False,False,False,False,False,False,False,False
113,48849,"""50:00""","I like this question as well, and wouldn't mind seeing this one at the top just because I think there's a there can be like a fine line between encouraging third-party candidates. And if you cross that, like, giving them preferential treatment based on being third party or like like an unintended consequence, may be",no,,,,,,,,,,,,,,,,,,False,False,False,False,False,False,False,False,False,False,False,False,False,False,False,False
114,10620,"""50:23""","Yeah, maybe just one point of clarification, encouraging them to run or encouraging people to vote for them which is even more important. And Diane and Trudy's questions are similar. And when we see questions that are paired like this, I always think that that means they should move up the list to because, you know, at least two of us are thinking along those lines of a third-party based question.",no,,,,,,,,,,,,,,,,,,False,False,False,False,False,False,False,False,False,False,False,False,False,False,False,False
115,48711,"""50:47""","On our first session, we talked about the effects of first-past-the-post voting and possible proportional representation. And so on, as long as we have first-past-the-post, there isn't much you can do about third-party chances because one of the top two is going to get the position.",yes," 1. The text mentions the topic of the first session being the effects of first-past-the-post voting.
2. Proportional representation was also discussed.
3. The text states that third-party chances are limited under first-past-the-post voting.
4. It is mentioned that one of the top two candidates will always get the position in a first-past-the-post system.",,,,,,, Proportional representation was also discussed,,,,,,,, The text states that third-party chances are limited under first-past-the-post voting, The text mentions the topic of the first session being the effects of first-past-the-post voting  It is mentioned that one of the top two candidates will always get the position in a first-past-the-post system,False,False,False,False,False,False,True,False,False,False,False,False,False,False,True,True
116,48849,"""51:19""",Just that procedural note you can highlight your question in copy of that way. If we you get called you have it because a lot of people in the in this session or like lost their question or kind of forgot it and kind of disrupt the flow.,no,,,,,,,,,,,,,,,,,,False,False,False,False,False,False,False,False,False,False,False,False,False,False,False,False
117,10620,"""51:34""","Yeah, and how do we know what letter group? We are because I that's just not something. I was aware of a letter H, let her be okay. And how do we know that?",no,,,,,,,,,,,,,,,,,,False,False,False,False,False,False,False,False,False,False,False,False,False,False,False,False
118,10620,"""51:34""",,no,,,,,,,,,,,,,,,,,,False,False,False,False,False,False,False,False,False,False,False,False,False,False,False,False
119,10620,"""51:34"""," All right, that makes sense. Now.",no,,,,,,,,,,,,,,,,,,False,False,False,False,False,False,False,False,False,False,False,False,False,False,False,False
120,48711,"""51:40""",,no,,,,,,,,,,,,,,,,,,False,False,False,False,False,False,False,False,False,False,False,False,False,False,False,False
121,48711,"""51:40""",Where J?,no,,,,,,,,,,,,,,,,,,False,False,False,False,False,False,False,False,False,False,False,False,False,False,False,False
122,48711,"""51:40""", Your login when you got it actually buried in the URL. There's a letter j.,no,,,,,,,,,,,,,,,,,,False,False,False,False,False,False,False,False,False,False,False,False,False,False,False,False
123,9430,"""51:56""",I'm just curious if you don't think this was kind of a good idea to always have three parties in the elections and then,yes," 1. The text suggests having three parties in elections.
2. The idea is presented as a way to ensure a diverse range of views.
3. The text suggests that having three parties could prevent any one party from gaining too much power.
4. The text also implies that having three parties could make elections more competitive.
5. The text concludes by expressing curiosity about the idea and its potential benefits.",,,,,,,,,,,,,,, The idea is presented as a way to ensure a diverse range of views  The text suggests that having three parties could prevent any one party from gaining too much power  The text also implies that having three parties could make elections more competitive  The text concludes by expressing curiosity about the idea and its potential benefits, The text suggests having three parties in elections,False,False,False,False,False,False,False,False,False,False,False,False,False,False,True,True
124,9430,"""51:56"""," it wouldn't be such a, you know, I don't know. I feel like I throw out my vote if I'd vote for anybody but a Democrat or a Republican,",yes," 1. The text is about someone expressing their concern about voting.
2. They mention feeling like they would be ""throwing out"" their vote if they voted for anyone other than a Democrat or a Republican.
3. The person also seems unsure about their feelings, indicated by phrases like ""you know"" and ""I don't know"".",,,,,,,,,,,,,,,," The text is about someone expressing their concern about voting  They mention feeling like they would be ""throwing out"" their vote if they voted for anyone other than a Democrat or a Republican  The person also seems unsure about their feelings, indicated by phrases like ""you know"" and ""I don't know""",False,False,False,False,False,False,False,False,False,False,False,False,False,False,False,True
125,9789,"""52:17""","I think the prescribing a certain number of parties is a mistake, but I think that we should find some way that it doesn't always boil down to just the two major parties.",yes," 1. The text expresses an opinion about prescribing a certain number of parties being a mistake.
2. The opinion is that there should be a way to prevent political participation from constantly resulting in only two major parties.",,,,,,,,,,,,,,, The text expresses an opinion about prescribing a certain number of parties being a mistake  The opinion is that there should be a way to prevent political participation from constantly resulting in only two major parties,,False,False,False,False,False,False,False,False,False,False,False,False,False,False,True,False
126,48712,"""52:34""","Yeah, I think this is where we get back to Trudy's. Question is, how do we encourage them to run? And I'm back to my statement. It's all about the money.",yes," 1. We need to return to Trudy's location.
2. It is necessary to find a way to motivate them to run.
3. The statement refers to the idea that the solution is based on money.",,,,,,,,,,,,,,, The statement refers to the idea that the solution is based on money, We need to return to Trudy's location  It is necessary to find a way to motivate them to run,False,False,False,False,False,False,False,False,False,False,False,False,False,False,True,True
127,48711,"""53:23""",I do want to encourage people to vote for Dave's question because I think it would be the most provocative for the experts to address.,no,,,,,,,,,,,,,,,,,,False,False,False,False,False,False,False,False,False,False,False,False,False,False,False,False
